input,domain,instagram,is_shopify,store_name,product_count,founder_name,email,about_url,is_us,us_reason,solo_score,solo_reason,score,status,checked_at,phone,linkedin,facebook,tiktok,contact_form_url,contact_url,compliment,source
"crushedtonic.com","crushedtonic.com","",1,"CRUSHED TONIC",25,"Sally","partnerships@crushedtonic.com","https://crushedtonic.com/pages/about-us",1,"meta currency USD (+20)",15,"singular ratio 0.12 too low (+0); maker words ×1 (+5); single founder named, no co-founder (+10)",61,"done","2026-06-14T13:06:23.525Z","","","","","https://crushedtonic.com/","","The founder story on your about page is genuinely refreshing — making each piece yourself is rare.","plus.html"
"biatch.com","biatch.com","https://www.instagram.com/biatchtequila/",1,"Biatch Tequila",26,"Women For","Info@BIATCHTequila.com","https://biatch.com/pages/about-us",1,"meta currency USD (+20); US address format (+10); US phone format (+8)",15,"singular ratio 0.00 too low (+0); maker words ×1 (+5); single founder named, no co-founder (+10)",61,"done","2026-06-14T13:06:30.322Z","+12828895227","","https://www.facebook.com/biatchtequila/","https://www.tiktok.com/@biatchtequila","https://biatch.com/","https://biatch.com/pages/contact","Your handcrafted approach to making products really stands out — that kind of care is rare to see.","plus.html"
"apercueyewear.com","apercueyewear.com","",1,"APERÇU Eyewear",76,"Kristen Aronsson","hello@apercueyewear.com","https://apercueyewear.com/pages/about",1,"meta currency USD (+20)",15,"singular ratio 0.03 too low (+0); maker words ×1 (+5); single founder named, no co-founder (+10)",56,"done","2026-06-14T13:06:07.852Z","","","https://www.facebook.com/settings/?tab=ads","","https://apercueyewear.com/","","Your handmade approach to making products really stands out — that kind of care is rare to see.","plus.html"
"besamecosmetics.com","besamecosmetics.com","https://www.instagram.com/Besamecosmetics/",1,"Besame Cosmetics",74,"FROM OUR","info@besamecosmetics.com","",1,"meta currency USD (+20); US phone format (+8)",15,"singular ratio 0.13 too low (+0); maker words ×1 (+5); single founder named, no co-founder (+10)",56,"done","2026-06-14T13:06:19.057Z","+18185581558","","https://www.facebook.com/BesameCosmetics","https://www.tiktok.com/@besamecosmetics","https://besamecosmetics.com/","https://besamecosmetics.com/pages/contact","The founder story on your about page is genuinely refreshing — making each piece yourself is rare.","plus.html"
"bridgerwatch.com","bridgerwatch.com","https://www.instagram.com/bridgerwatch/",1,"Bridger Watch",4,"hunters who","privacy@bridgerwatch.com","",1,"meta currency USD (+20)",10,"singular ratio 0.08 too low (+0); single founder named, no co-founder (+10)",56,"done","2026-06-14T13:06:33.634Z","+14063412800","","https://www.facebook.com/people/Bridger-Watch/61582075620140/","","https://www.bridgerwatch.com/","https://www.bridgerwatch.com/pages/contact","The founder story on your about page is genuinely refreshing — making each piece yourself is rare.","plus.html"
"gator-guards.com","gator-guards.com","http://instagram.com/gatorguards/",1,"Gator Guards ",6,"","info@gator-guards.com","https://www.gator-guards.com/pages/about-us",1,"meta currency USD (+20); US address format (+10); US phone format (+8)",10,"singular ratio 0.45 0.4–0.6 (+10)",56,"done","2026-06-14T13:07:20.854Z","","","https://www.facebook.com/GatorGuardsTeam/","","https://www.gator-guards.com/","","Love that you're a US-based small business — that personal touch really comes through on your site.","plus.html"
"nolanryanbrands.com","nolanryanbrands.com","",1,"Nolan Ryan Brands",1,"OUR","936-436-1622info@nolanryanbrands.com","https://nolanryanbrands.com/pages/about",1,"meta currency USD (+20); US address format (+10); US phone format (+8)",10,"singular ratio 0.00 too low (+0); single founder named, no co-founder (+10)",56,"done","2026-06-14T13:07:28.897Z","+19364361622","https://www.linkedin.com/company/nolan-ryan-brands/","","","https://nolanryanbrands.com/","https://nolanryanbrands.com/pages/contact","The founder story on your about page is genuinely refreshing — making each piece yourself is rare.","plus.html"
"kiwivitality.com","kiwivitality.com","",1,"KiwiVitality",5,"Our","3055customercare@kiwivitality.com","https://kiwivitality.com/pages/about-us",1,"meta currency USD (+20); US phone format (+8)",10,"singular ratio 0.00 too low (+0); single founder named, no co-founder (+10)",56,"done","2026-06-14T13:07:36.230Z","","","https://facebook.com/kiwivitality","","https://kiwivitality.com/","https://kiwivitality.com/pages/contact","The founder story on your about page is genuinely refreshing — making each piece yourself is rare.","plus.html"
"bea10.com","bea10.com","https://www.instagram.com/bea10cosmetics/",1,"Be a 10",13,"Our","info@itsa10haircare.com","https://bea10.com/pages/about",1,"meta currency USD (+20)",10,"singular ratio 0.09 too low (+0); single founder named, no co-founder (+10)",56,"done","2026-06-14T13:08:01.445Z","","","https://www.facebook.com/Be-a-10-Cosmetics-100915258492288","https://www.tiktok.com/@bea10cosmetics","https://bea10.com/","https://bea10.com/pages/contact","The founder story on your about page is genuinely refreshing — making each piece yourself is rare.","plus.html"
"mbiotaelemental.com","mbiotaelemental.com","https://instagram.com/mbiotaelemental",1,"mBIOTA Elemental",4,"Meet Our","contact@mbiotalabs.com","",1,"meta currency USD (+20); US address format (+10); US phone format (+8)",10,"singular ratio 0.00 too low (+0); single founder named, no co-founder (+10)",56,"done","2026-06-14T13:08:05.837Z","+18007207034","","https://www.facebook.com/mbiotaelemental","https://www.tiktok.com/@mbiotaelemental","https://mbiota.com/","","The founder story on your about page is genuinely refreshing — making each piece yourself is rare.","plus.html"
"bethanyspantry.com","bethanyspantry.com","https://www.instagram.com/bethanyspantry/",1,"Bethany's Pantry",120,"Bethany Cameron","info@bethanyspantry.com","https://www.bethanyspantry.com/pages/about",1,"meta currency USD (+20); US address format (+10); US phone format (+8)",15,"singular ratio 0.33 too low (+0); maker words ×1 (+5); single founder named, no co-founder (+10)",53,"done","2026-06-14T13:08:11.928Z","+12062499865","","https://www.facebook.com/bethanyspantry/","https://www.tiktok.com/@lilsipper_official?lang=en","https://www.bethanyspantry.com/","https://www.bethanyspantry.com/pages/contact","The founder story on your about page is genuinely refreshing — making each piece yourself is rare.","plus.html"
"mdnaskin.us","mdnaskin.us","https://www.instagram.com/mdnaskin/",1,"MDNA SKIN",13,"","hello@mdna.com","",1,"meta currency USD (+20); US address format (+10); US phone format (+8)",5,"singular ratio 0.10 too low (+0); maker words ×1 (+5)",51,"done","2026-06-14T13:07:03.826Z","+18882113189","","https://www.facebook.com/mdnaskinofficial/","","https://www.mdnaskin.us/","","Love that you're a US-based small business — that personal touch really comes through on your site.","plus.html"
"owlsnestfloristclover.com","owlsnestfloristclover.com","http://instagram.com/shopify",1,"The Owls Nest Florist",6,"","contact_us@owlsnestfloristclover.com","https://owlsnestfloristclover.com/pages/about-us",1,"meta currency USD (+20); US phone format (+8)",5,"singular ratio 0.02 too low (+0); maker words ×1 (+5)",51,"done","2026-06-14T13:07:11.351Z","+18032229466","","https://www.facebook.com/profile.php?id=100063749604898","","https://owlsnestfloristclover.com/","https://owlsnestfloristclover.com/pages/contact","The Owls Nest Florist has a great focused product range that feels very intentional.","plus.html"
"happilygrey.com","happilygrey.com","https://www.instagram.com/happilygrey/?hl=en",1,"Happily Grey",2,"","shop@happilygrey.com","https://happilygrey.com/pages/about-me",1,"meta currency USD (+20)",5,"singular ratio 0.06 too low (+0); maker words ×1 (+5)",51,"done","2026-06-14T13:07:19.352Z","","","https://www.facebook.com/happilygrey","https://www.tiktok.com/@mary_lawless_lee","https://happilygrey.com/","","Happily Grey has a great focused product range that feels very intentional.","plus.html"
"vshredmd.com","vshredmd.com","https://www.instagram.com/vshredmd/",1,"V Shred MD",34,"the team","support@vshred.com","https://vshredmd.com/pages/about",1,"meta currency USD (+20)",10,"singular ratio 0.14 too low (+0); single founder named, no co-founder (+10)",51,"done","2026-06-14T13:08:02.104Z","","","https://www.facebook.com/vshredmd/","https://www.tiktok.com/@vshredmd?lang=en","https://vshredmd.com/","https://vshredmd.com/pages/contact","The founder story on your about page is genuinely refreshing — making each piece yourself is rare.","plus.html"
"overlookcoffeeco.com","overlookcoffeeco.com","https://www.instagram.com/overlookcoffeecompany/",1,"Overlook Coffee Co.",17,"","support@overlookcoffeeco.com","https://overlookcoffeeco.com/pages/about-us",1,"meta currency USD (+20); US address format (+10); US phone format (+8)",5,"singular ratio 0.00 too low (+0); maker words ×1 (+5)",51,"done","2026-06-14T13:08:25.089Z","+16075462100","","https://www.facebook.com/overlookcoffeeco","https://www.tiktok.com/@overlookcoffeeco","https://overlookcoffeeco.com/","https://overlookcoffeeco.com/pages/contact","Your handcrafted approach to making products really stands out — that kind of care is rare to see.","plus.html"
"assouline.com","assouline.com","https://www.instagram.com/assouline/",1,"ASSOULINE",250,"and creative","customerservice@assouline.com","https://www.assouline.com/pages/about",1,"meta currency USD (+20)",10,"singular ratio 0.03 too low (+0); single founder named, no co-founder (+10)",48,"done","2026-06-14T13:05:57.303Z","+11779320054","https://www.linkedin.com/company/assouline/jobs/","https://www.facebook.com/AssoulinePublishing/","","https://www.assouline.com/","https://www.assouline.com/pages/contact-us","The founder story on your about page is genuinely refreshing — making each piece yourself is rare.","plus.html"
"perfectplantmarket.com","perfectplantmarket.com","https://www.instagram.com/perfectplanthempco/?hl=en",1,"Perfect Plant Market",250,"and our","info@perfectplantmarket.com","https://perfectplantmarket.com/pages/about-us",1,"meta currency USD (+20); US address format (+10); US phone format (+8)",10,"singular ratio 0.08 too low (+0); single founder named, no co-founder (+10)",48,"done","2026-06-14T13:06:31.912Z","+16159537679","","https://www.facebook.com/settings/?tab=ads","","https://perfectplantmarket.com/","https://perfectplantmarket.com/pages/contact","The founder story on your about page is genuinely refreshing — making each piece yourself is rare.","plus.html"
"hizoo.co","hizoo.co","https://www.instagram.com/hizooco/",1,"HiZoo",2,"","support@hizoo.co","",1,"meta currency USD (+20)",0,"singular ratio 0.08 too low (+0)",46,"done","2026-06-14T13:06:15.576Z","","","https://www.facebook.com/profile.php?id=61568766761254","","https://hizoo.co/","https://hizoo.co/pages/contact","HiZoo has a great focused product range that feels very intentional.","plus.html"
"pawsionatepet.com","pawsionatepet.com","https://www.instagram.com/pawsionate/",1,"PawsionatePet",4,"","reserved.support@pawsionate.com","https://pawsionatepet.com/pages/about-us",1,"meta currency USD (+20)",0,"singular ratio 0.02 too low (+0)",46,"done","2026-06-14T13:06:40.646Z","+11234567890","","https://www.facebook.com/pawsionatecom","https://www.tiktok.com/@pawsionate.com","https://pawsionatepet.com/","https://pawsionatepet.com/pages/contact","PawsionatePet has a great focused product range that feels very intentional.","plus.html"
"morvyn.com","morvyn.com","",1,"Morvyn",7,"","support@morvyn.com","",1,"meta currency USD (+20)",0,"singular ratio 0.00 too low (+0)",46,"done","2026-06-14T13:06:47.486Z","","","","","https://morvyn.com/","https://morvyn.com/pages/contact","Morvyn has a great focused product range that feels very intentional.","plus.html"
"breathalyzer.ca","breathalyzer.ca","",1,"American ExpressApple PayDiners ClubDiscoverGoogle PayMastercardShop PayVisa",21,"","support@breathalyzer.ca","https://www.breathalyzer.ca/pages/about",1,"page USD only (+10); US address format (+10); US phone format (+8)",0,"singular ratio 0.03 too low (+0)",46,"done","2026-06-14T13:06:54.951Z","+18773346876","","https://www.facebook.com/Breathalyzer.ca","","https://www.breathalyzer.ca/","https://www.breathalyzer.ca/pages/contact","Love that you're a US-based small business — that personal touch really comes through on your site.","plus.html"
"trycelara.com","trycelara.com","",1,"Celara",11,"","support@celara.zendesk.com","",1,"meta currency USD (+20)",0,"singular ratio 0.00 too low (+0)",46,"done","2026-06-14T13:06:54.877Z","","","https://www.facebook.com/settings/?tab=ads","","https://trycelara.com/","https://trycelara.com/pages/contact","Celara has a great focused product range that feels very intentional.","plus.html"
"eatjoonfoods.com","eatjoonfoods.com","https://www.instagram.com/eatjoonfoods/",1,"Joon Pistachios",7,"","hello@eatjoonfoods.com","https://eatjoonfoods.com/pages/about",1,"meta currency USD (+20)",0,"singular ratio 0.04 too low (+0)",46,"done","2026-06-14T13:07:22.249Z","","","","","https://eatjoonfoods.com/","https://eatjoonfoods.com/pages/contact","Joon Pistachios has a great focused product range that feels very intentional.","plus.html"
"soliswifi.co","soliswifi.co","",1,"SIMO",25,"","support@skyroam.com","https://on.simo.co/pages/about-us",1,"meta currency USD (+20)",0,"singular ratio 0.11 too low (+0)",46,"done","2026-06-14T13:07:40.557Z","","","","","https://on.simo.co/","","SIMO has a great focused product range that feels very intentional.","plus.html"
"cdxx-dispensary.com","cdxx-dispensary.com","https://www.instagram.com/cdxx_dispensary/",1,"CDXX Dispensary",22,"","info@1o1development.com","",1,"meta currency USD (+20); US address format (+10); US phone format (+8)",0,"singular ratio 0.05 too low (+0)",46,"done","2026-06-14T13:07:42.879Z","+15559876543","","https://www.facebook.com/share/1HpJi1tVXv/?mibextid=wwXIfr","https://www.tiktok.com/@cdxx919","https://cdxx-dispensary.com/","https://cdxx-dispensary.com/pages/contact","Love that you're a US-based small business — that personal touch really comes through on your site.","plus.html"
"getalphatouch.com","getalphatouch.com","https://www.instagram.com/tryalphatouch",1,"AlphaTouch",15,"","info@alphatouch.com","",1,"meta currency USD (+20)",0,"singular ratio 0.18 too low (+0)",46,"done","2026-06-14T13:07:48.965Z","","","https://www.facebook.com/tryalphatouch","","https://alphatouch.com/","https://alphatouch.com/pages/contact","AlphaTouch has a great focused product range that feels very intentional.","plus.html"
"calabasasridge.com","calabasasridge.com","",1,"Calabasas Ridge",10,"","info@CalabasasRidge.com","",1,"meta currency USD (+20); US phone format (+8)",0,"too few pronouns to score ratio",46,"done","2026-06-14T13:07:55.440Z","+13105975000","","//www.facebook.com/sharer.php?u=https://calabasasridge.com/products/shirt","","https://calabasasridge.com/","","Calabasas Ridge has a great focused product range that feels very intentional.","plus.html"
"flattummytea.com","flattummytea.com","https://www.instagram.com/flattummyco/",1,"Flat Tummy Co",24,"","getflat@flattummyco.com","",1,"meta currency USD (+20); US address format (+10)",0,"singular ratio 0.12 too low (+0)",46,"done","2026-06-14T13:08:18.120Z","","","https://www.facebook.com/FlatTummyCo/","https://www.tiktok.com/@flattummyco","https://flattummyco.com/","https://flattummyco.com/pages/contact","Love that you're a US-based small business — that personal touch really comes through on your site.","plus.html"
"colorx-change.com","colorx-change.com","https://www.instagram.com/colorx_change/",1,"Color X-Change",8,"","help@colorx-change.com","",1,"meta currency USD (+20); US address format (+10); US phone format (+8)",0,"singular ratio 0.00 too low (+0)",46,"done","2026-06-14T13:08:23.821Z","+13179821274","","https://www.facebook.com/colorxchangehair/","","https://colorx-change.com/","https://colorx-change.com/pages/contact","Love that you're a US-based small business — that personal touch really comes through on your site.","plus.html"
"seedling.com","seedling.com","https://www.instagram.com/seedling/",1,"Seedling",1,"","info@seedlingusa.com","",1,"meta currency USD (+20)",0,"singular ratio 0.00 too low (+0)",46,"done","2026-06-14T13:08:28.068Z","","","http://facebook.com/shopseedling","","https://www.seedling.com/","https://www.seedling.com/pages/contact-us/","Seedling has a great focused product range that feels very intentional.","plus.html"
"thelovelines.com","thelovelines.com","",1,"Love Lines",8,"","contact@facecandles.com","https://thelovelines.com/pages/our-story",1,"meta currency USD (+20); US address format (+10); US phone format (+8)",0,"singular ratio 0.01 too low (+0)",46,"done","2026-06-14T13:08:30.869Z","+18555881283","","","","https://thelovelines.com/","","Your hand-poured approach to making products really stands out — that kind of care is rare to see.","plus.html"
"cinnamonstall.com","cinnamonstall.com","",1,"Cinnamon Stall",2,"","info.cinnamonastall@gmail.com","",1,"meta currency USD (+20)",0,"singular ratio 0.00 too low (+0)",46,"done","2026-06-14T13:08:33.799Z","","","","","https://www.cinnamonstall.com/","","Cinnamon Stall has a great focused product range that feels very intentional.","plus.html"
"ballwash.com","ballwash.com","https://www.instagram.com/ballwash/",1,"Ballsy",10,"","help@ballsybrand.com","https://ballwash.com/pages/about-us",1,"meta currency USD (+20); US address format (+10)",0,"singular ratio 0.12 too low (+0)",46,"done","2026-06-14T13:08:34.645Z","","","https://www.facebook.com/ballwash","https://www.tiktok.com/@ballsybrand?lang=en","https://ballwash.com/","","Love that you're a US-based small business — that personal touch really comes through on your site.","plus.html"
"doublemossarte.com","doublemossarte.com","https://www.instagram.com/doublemoss_arte/",1,"Doublemoss Arte",18,"","policy@doublemossarte.com","",1,"meta currency USD (+20); US address format (+10)",0,"singular ratio 0.02 too low (+0)",46,"done","2026-06-14T13:08:40.948Z","","","","","https://doublemossarte.com/","","Love that you're a US-based small business — that personal touch really comes through on your site.","plus.html"
"wexelart.com","wexelart.com","https://www.instagram.com/wexelart/",1,"Wexel Art",234,"","609-1920info@wexelart.com","https://wexelart.com/pages/about-us",1,"meta currency USD (+20); US address format (+10); US phone format (+8)",5,"singular ratio 0.27 too low (+0); maker words ×1 (+5)",43,"done","2026-06-14T13:06:08.789Z","+18776091920","","https://www.facebook.com/WexelArt","","https://wexelart.com/","","Love that you're a US-based small business — that personal touch really comes through on your site.","plus.html"
"scoutbackcountry.com","scoutbackcountry.com","https://www.instagram.com/skoutorganic/",1,"Skout Organic",161,"","social@skoutorganic.com","https://www.skoutorganic.com/pages/about-us",1,"meta currency USD (+20)",5,"singular ratio 0.20 too low (+0); maker words ×1 (+5)",43,"done","2026-06-14T13:07:39.373Z","","","https://www.facebook.com/skoutorganic","","https://www.skoutorganic.com/","https://www.skoutorganic.com/pages/contact-us","Your small batch approach to making products really stands out — that kind of care is rare to see.","plus.html"
"drinkwildbills.com","drinkwildbills.com","https://www.instagram.com/wildbillssoda",1,"Wild Bill's Craft Beverage Co.",46,"","Hello@WildBillsSoda.com","https://drinkwildbills.com/pages/about-us",1,"meta currency USD (+20)",0,"singular ratio 0.27 too low (+0)",41,"done","2026-06-14T13:05:52.998Z","","","https://www.facebook.com/wildbillssoda","","https://drinkwildbills.com/","https://drinkwildbills.com/pages/contact","Wild Bill's Craft Beverage Co. has a great focused product range that feels very intentional.","plus.html"
"hookandalbert.com","hookandalbert.com","",1,"HOOK & ALBERT",39,"","support@hookandalbert.com","",1,"meta currency USD (+20); US address format (+10)",0,"singular ratio 0.10 too low (+0)",41,"done","2026-06-14T13:05:55.451Z","","","","","https://www.hookandalbert.com/","","Love that you're a US-based small business — that personal touch really comes through on your site.","plus.html"
"blingchemicals.com","blingchemicals.com","https://www.instagram.com/blingchemicals/?hl=en",1,"Bling Chemicals",43,"","Supportbling@blingchemicals.com","https://blingchemicals.com/pages/about",1,"meta currency USD (+20)",0,"singular ratio 0.03 too low (+0)",41,"done","2026-06-14T13:06:26.302Z","","","https://www.facebook.com/blingchemicals/","https://www.tiktok.com/@blingchemicals.com?lang=en","https://blingchemicals.com/","https://blingchemicals.com/pages/contact","Bling Chemicals has a great focused product range that feels very intentional.","plus.html"
"newunivera.com","newunivera.com","https://www.instagram.com/univeraofficial/",1,"Univera Inc. ",59,"","customercare@newunivera.com","",1,"meta currency USD (+20); US phone format (+8)",0,"singular ratio 0.15 too low (+0); team page found (-10)",41,"done","2026-06-14T13:06:40.539Z","+18776274787","","https://www.facebook.com/univeraofficial/","https://www.tiktok.com/@univerainc","https://newunivera.com/","https://newunivera.com/pages/contact","Univera Inc.  has a great focused product range that feels very intentional.","plus.html"
"shopcurrentair.com","shopcurrentair.com","https://www.instagram.com/current_air/",1,"CURRENT AIR",38,"","customerservice@shopcurrentair.com","https://shopcurrentair.com/pages/our-story",1,"meta currency USD (+20)",0,"singular ratio 0.00 too low (+0)",41,"done","2026-06-14T13:06:47.736Z","","","https://www.facebook.com/currentairclothing","","https://shopcurrentair.com/","","CURRENT AIR has a great focused product range that feels very intentional.","plus.html"
"marlenespetshop.com","marlenespetshop.com","https://instagram.com/marlenespetshop",1,"Marlene's Pet Shop",94,"","help@marlenespetshop.com","",1,"meta currency USD (+20)",0,"singular ratio 0.00 too low (+0)",41,"done","2026-06-14T13:07:07.206Z","","","https://facebook.com/marlenespetshop","","https://marlenespetshop.com/","https://marlenespetshop.com/pages/contact","Marlene's Pet Shop has a great focused product range that feels very intentional.","plus.html"
"tphbytaraji.com","tphbytaraji.com","https://www.instagram.com/tphbytaraji/",1,"TPHBYTARAJI",31,"","privacy@tphbytaraji.com","https://tphbytaraji.com/pages/about-us",1,"meta currency USD (+20); US address format (+10)",0,"singular ratio 0.02 too low (+0)",41,"done","2026-06-14T13:08:17.534Z","","","https://www.facebook.com/TPHbyTaraji/","","https://tphbytaraji.com/","","Love that you're a US-based small business — that personal touch really comes through on your site.","plus.html"
"appaman.com","appaman.com","https://www.instagram.com/appaman/",1,"Appaman",250,"","support@appaman.com","https://www.appaman.com/collections/new-arrivals",1,"meta currency USD (+20); US address format (+10); US phone format (+8)",0,"singular ratio 0.06 too low (+0)",38,"done","2026-06-14T13:06:08.519Z","+17971854441","https://www.linkedin.com/company/appaman-inc/","https://www.facebook.com/AppamanKids/","","https://www.appaman.com/","https://www.appaman.com/pages/contact","Love that you're a US-based small business — that personal touch really comes through on your site.","plus.html"
"trekbikesflorida.com","trekbikesflorida.com","https://www.instagram.com/trekbikesflorida/",1,"Trek Bicycle Stores of Florida",250,"","orders@trekbikesflorida.com","",1,"meta currency USD (+20); US address format (+10); US phone format (+8)",0,"singular ratio 0.00 too low (+0)",38,"done","2026-06-14T13:06:16.055Z","+12393909909","","https://www.facebook.com/trekbikesflorida/","","https://trekbikesflorida.com/","https://trekbikesflorida.com/pages/contact","Love that you're a US-based small business — that personal touch really comes through on your site.","plus.html"
"veinci.com","veinci.com","https://www.instagram.com/veincijewelry",1,"Veinci",250,"our","support@veinci.com","https://veinci.com/pages/about-us",1,"meta currency USD (+20)",0,"singular ratio 0.02 too low (+0); single founder named, no co-founder (+10); team page found (-10)",38,"done","2026-06-14T13:06:17.599Z","","","https://www.facebook.com/VeinciJewelry","","https://veinci.com/","https://veinci.com/pages/contact","The founder story on your about page is genuinely refreshing — making each piece yourself is rare.","plus.html"
"andlivy.com","andlivy.com","https://www.instagram.com/andlivy/",1,"&LIVY",250,"","CustomerService@andlivy.com","",1,"meta currency USD (+20)",0,"singular ratio 0.07 too low (+0)",38,"done","2026-06-14T13:06:24.713Z","+18339233056","","https://www.facebook.com/andlivy","https://www.tiktok.com/@andlivy","https://andlivy.com/","https://andlivy.com/pages/contact","&LIVY has a great focused product range that feels very intentional.","plus.html"
"helenficalora.com","helenficalora.com","https://www.instagram.com/helenficalora/?hl=en",1,"Helen Ficalora",250,"","info@helenficalora.com","https://helenficalora.com/pages/our-story",1,"meta currency USD (+20); US address format (+10); US phone format (+8)",0,"singular ratio 0.16 too low (+0)",38,"done","2026-06-14T13:06:32.999Z","+18777542676","","https://www.facebook.com/helenficalora","","https://helenficalora.com/","","Love that you're a US-based small business — that personal touch really comes through on your site.","plus.html"
"prnvision.com","prnvision.com","https://www.instagram.com/eyepromise_official",1,"EyePromise",121,"","support@eyepromise.com","https://eyepromise.com/pages/about",1,"meta currency USD (+20); US address format (+10); US phone format (+8)",0,"singular ratio 0.11 too low (+0)",38,"done","2026-06-14T13:06:41.741Z","+18009002303","https://www.linkedin.com/company/zeavision-llc/","https://www.facebook.com/eyepromiseofficial","https://www.tiktok.com/@eyepromise","","https://eyepromise.com/pages/contact","Love that you're a US-based small business — that personal touch really comes through on your site.","plus.html"
"heartfieldfloristtx.com","heartfieldfloristtx.com","https://www.instagram.com/heartfields1957/",1,"Heartfield Florist",250,"","heartfieldflorist@yahoo.com","https://heartfieldfloristtx.com/pages/about-us",1,"meta currency USD (+20); US phone format (+8)",0,"singular ratio 0.02 too low (+0)",38,"done","2026-06-14T13:06:44.866Z","+19362955448","","https://www.facebook.com/heartfields","","https://heartfieldfloristtx.com/","https://heartfieldfloristtx.com/pages/contact","Heartfield Florist has a great focused product range that feels very intentional.","plus.html"
"robinscornerflowershop.com","robinscornerflowershop.com","https://www.instagram.com/robinscornerflower/",1,"Robin's Corner Flower Shop",250,"","robinsflowers1@gmail.com","https://robinscornerflowershop.com/pages/about-us",1,"meta currency USD (+20); US phone format (+8)",0,"singular ratio 0.02 too low (+0)",38,"done","2026-06-14T13:06:57.789Z","+15088242821","","https://www.facebook.com/profile.php?id=100063716196095","","https://robinscornerflowershop.com/","https://robinscornerflowershop.com/pages/contact","Robin's Corner Flower Shop has a great focused product range that feels very intentional.","plus.html"
"hoopcultureteamstores.com","hoopcultureteamstores.com","",1,"Hoop Culture Team Store",154,"","teamsales@hoopculture.com","https://hoopcultureteamstores.com/pages/about",1,"meta currency USD (+20)",0,"singular ratio 0.21 too low (+0)",38,"done","2026-06-14T13:07:04.430Z","","","","","https://hoopcultureteamstores.com/","","Hoop Culture Team Store has a great focused product range that feels very intentional.","plus.html"
"demodemode.net","demodemode.net","https://www.instagram.com/demodemode_/",1,"DémodéMODÉ",200,"","SUPPORThello@demodemode.com","https://demodemode.com/pages/about",1,"meta currency USD (+20)",0,"singular ratio 0.05 too low (+0)",38,"done","2026-06-14T13:07:14.994Z","","","","https://www.tiktok.com/@demodemode_official","https://demodemode.com/","https://demodemode.com/pages/contact","DémodéMODÉ has a great focused product range that feels very intentional.","plus.html"
"blossombelleflorist.com","blossombelleflorist.com","",1,"Blossom And Belle",250,"","contact_us@blossombelleflorist.com","https://blossombelleflorist.com/pages/about-us",1,"meta currency USD (+20); US phone format (+8)",0,"singular ratio 0.02 too low (+0)",38,"done","2026-06-14T13:07:22.192Z","+13214401351","","https://www.facebook.com/settings/?tab=ads","","https://blossombelleflorist.com/","https://blossombelleflorist.com/pages/contact","Blossom And Belle has a great focused product range that feels very intentional.","plus.html"
"cashcartishop.com","cashcartishop.com","https://www.instagram.com/playboicarti/?hl=en",1,"Playboi Carti | Shop",107,"","privacy.officer@umusic.com","",1,"meta currency USD (+20); US address format (+10); US phone format (+8)",0,"singular ratio 0.08 too low (+0)",38,"done","2026-06-14T13:07:28.290Z","+18666824413","","https://www.facebook.com/PlayboiCarti/","","https://shop.playboicarti.com/","","Love that you're a US-based small business — that personal touch really comes through on your site.","plus.html"
"wsisports.com","wsisports.com","http://instagram.com/shopify",1,"WSI Sportswear",250,"","info@wsisports.com","",1,"meta currency USD (+20); US address format (+10)",0,"singular ratio 0.50 0.4–0.6 (+10); team page found (-10)",38,"done","2026-06-14T13:07:30.708Z","+16519949945","","http://facebook.com/shopify","https://tiktok.com/@shopify","https://wsisports.com/","https://wsisports.com/pages/contact-us","Love that you're a US-based small business — that personal touch really comes through on your site.","plus.html"
"brinnova.com","brinnova.com","",1,"Brinnova",250,"","info@brinnova.com","https://www.brinnova.com/pages/about-us",1,"meta currency USD (+20)",0,"singular ratio 0.00 too low (+0)",38,"done","2026-06-14T13:07:37.314Z","+14088829092","","","","https://www.brinnova.com/","","Brinnova has a great focused product range that feels very intentional.","plus.html"
"maga-social.com","maga-social.com","",1,"maga-social",1,"","","",1,"meta currency USD (+20)",0,"singular ratio 0.10 too low (+0)",38,"done","2026-06-14T13:07:47.084Z","","","","","https://maga-social.com/","","maga-social has a great focused product range that feels very intentional.","plus.html"
"englishelm.com","englishelm.com","https://www.instagram.com/englishelmfurniture/",1,"English Elm",250,"","claims@englishelm.com","",1,"meta currency USD (+20)",0,"singular ratio 0.09 too low (+0)",38,"done","2026-06-14T13:07:49.097Z","","","https://www.facebook.com/englishelm1","","https://englishelm.com/","","English Elm has a great focused product range that feels very intentional.","plus.html"
"avaniscreations.com","avaniscreations.com","",1,"Avani's Creations",250,"","avani.j.creations@gmail.com","",1,"meta currency USD (+20)",0,"singular ratio 0.05 too low (+0)",38,"done","2026-06-14T13:07:55.115Z","","","https://www.facebook.com/share/g/17PB9CLLws/","","https://avaniscreations.com/","","Avani's Creations has a great focused product range that feels very intentional.","plus.html"
"haitiandisplay.com","haitiandisplay.com","",1,"Haitian Display",126,"","info@haitiandisplay.com","https://www.haitiandisplay.com/pages/about-us",1,"meta currency USD (+20)",0,"singular ratio 0.00 too low (+0)",38,"done","2026-06-14T13:08:06.227Z","","","","","https://www.haitiandisplay.com/","","Haitian Display has a great focused product range that feels very intentional.","plus.html"
"theladybugfloral.com","theladybugfloral.com","",1,"The Ladybug Floral & Gifts",250,"","contact_us@theladybugfloralgifts.com","https://theladybugfloral.com/pages/about-us",1,"meta currency USD (+20); US phone format (+8)",0,"singular ratio 0.02 too low (+0)",38,"done","2026-06-14T13:08:19.743Z","+19203619006","","https://www.facebook.com/profile.php?id=100042527906764","","https://theladybugfloral.com/","https://theladybugfloral.com/pages/contact","The Ladybug Floral & Gifts has a great focused product range that feels very intentional.","plus.html"
"gma-cozy-earth.myshopify.com","gma-cozy-earth.myshopify.com","",1,"Cozy Earth - Coming Soon",17,"","","https://gma-cozy-earth.myshopify.com/pages/about-us",1,"meta currency USD (+20)",0,"too few pronouns to score ratio",38,"done","2026-06-18T10:25:37.513Z","","","","","https://gma-cozy-earth.myshopify.com/","","Cozy Earth - Coming Soon has a great focused product range that feels very intentional.","plus.html"
"amp-demo-shop.myshopify.com","amp-demo-shop.myshopify.com","",1,"AMP Demo Shop",20,"","","",1,"meta currency USD (+20)",0,"too few pronouns to score ratio",38,"done","2026-06-18T10:25:37.236Z","","","","","https://amp-demo-shop.myshopify.com/","","AMP Demo Shop has a great focused product range that feels very intentional.","plus.html"
"spec-ops-shard-1.myshopify.com","spec-ops-shard-1.myshopify.com","https://instagram.com/shopify",1,"Coffeenator",2,"","","https://spec-ops-shard-1.myshopify.com/pages/about-us",1,"meta currency USD (+20)",0,"singular ratio 0.00 too low (+0)",38,"done","2026-06-18T10:25:43.583Z","","","https://www.facebook.com/shopify","","https://spec-ops-shard-1.myshopify.com/","","Coffeenator has a great focused product range that feels very intentional.","plus.html"
"aero-theme.myshopify.com","aero-theme.myshopify.com","https://instagram.com/shopify",1,"Aero - Car Accessories Shopify Theme OS 2.0",37,"","","https://aero-theme.myshopify.com/pages/about-us",1,"meta currency USD (+20)",0,"singular ratio 0.04 too low (+0)",33,"done","2026-06-18T10:25:39.723Z","","","https://facebook.com/shopify","","https://aero-theme.myshopify.com/","","Aero - Car Accessories Shopify Theme OS 2.0 has a great focused product range that feels very intentional.","plus.html"
"bombshellsportswear.com","bombshellsportswear.com","http://www.instagram.com/bombshellsportswear",1,"Bombshell Sportswear",250,"","","https://www.bombshellsportswear.com/pages/about-us",1,"meta currency USD (+20); US address format (+10)",0,"singular ratio 0.07 too low (+0)",30,"done","2026-06-14T13:06:00.388Z","","","https://www.facebook.com/BombshellSportswear/","https://www.tiktok.com/@bombshellsportswear","https://www.bombshellsportswear.com/","https://www.bombshellsportswear.com/pages/contact","Love that you're a US-based small business — that personal touch really comes through on your site.","plus.html"
"officialzzstore.com","officialzzstore.com","https://instagram.com/officialzzstore",1,"Brazzers Store",250,"","","https://officialzzstore.com/pages/about-us",1,"meta currency USD (+20)",0,"singular ratio 0.00 too low (+0)",30,"done","2026-06-14T13:06:59.924Z","","","","","https://officialzzstore.com/","https://officialzzstore.com/pages/contact","Brazzers Store has a great focused product range that feels very intentional.","plus.html"
"theflowerstationtn.com","theflowerstationtn.com","",1,"The Flower Station",250,"","","https://theflowerstationtn.com/pages/about-us",1,"meta currency USD (+20); US phone format (+8)",0,"singular ratio 0.02 too low (+0)",30,"done","2026-06-14T13:07:14.513Z","+17314079525","","https://www.facebook.com/settings/?tab=ads","","https://theflowerstationtn.com/","https://theflowerstationtn.com/pages/contact","The Flower Station has a great focused product range that feels very intentional.","plus.html"
"krogerheartbeats.myshopify.com","krogerheartbeats.myshopify.com","",1,"Kroger Columbus",150,"","","",1,"meta currency USD (+20)",0,"singular ratio 0.00 too low (+0)",30,"done","2026-06-18T10:25:37.746Z","","","","","https://krogerheartbeats.myshopify.com/","","Kroger Columbus has a great focused product range that feels very intentional.","plus.html"
"nikzweb.com","nikzweb.com","",1,"nikzweb",1,"Nico Solis","","",0,"page USD only (+10)",10,"singular ratio 0.31 too low (+0); single founder named, no co-founder (+10)",24,"done","2026-06-14T13:07:29.936Z","","https://linkedin.com/in/niconoelgsolis/","http://facebook.com/nikzweb","","https://www.nikzweb.com/","","The founder story on your about page is genuinely refreshing — making each piece yourself is rare.","plus.html"
"thisrigidempire.com","thisrigidempire.com","",1,"This Rigid Empire Official Store",6,"","","https://thisrigidempire.com/pages/about-us",0,"page USD only (+10)",10,"singular ratio 0.57 0.4–0.6 (+10)",24,"done","2026-06-14T13:07:44.219Z","","","https://www.facebook.com/thisrigidempire","","https://thisrigidempire.com/","","This Rigid Empire Official Store has a great focused product range that feels very intentional.","plus.html"
"knurltraining.com","knurltraining.com","",1,"Knurl Training",2,"","contact@knurltraining.com","",0,"page USD only (+10)",0,"singular ratio 0.14 too low (+0)",22,"done","2026-06-14T13:07:55.946Z","","","","","https://www.knurltraining.com/","","Knurl Training has a great focused product range that feels very intentional.","plus.html"
"e-wheels.com","e-wheels.com","https://www.instagram.com/ewheels_scandinavia/?hl=en",1,"E-Wheels.com",87,"selling electric","espen.pedersen@e-wheels.no","https://e-wheels.com/da-dk/pages/about-us",0,"meta currency EUR (-15)",20,"singular ratio 0.47 0.4–0.6 (+10); single founder named, no co-founder (+10)",22,"done","2026-06-14T13:08:21.578Z","","","https://www.facebook.com/Ewheels.se","","https://e-wheels.com/da-dk","https://e-wheels.com/da-dk/pages/contact","The founder story on your about page is genuinely refreshing — making each piece yourself is rare.","plus.html"
"icon-amsterdam-italy.com","icon-amsterdam-italy.com","https://www.instagram.com/icon/",1,"ICON. AMSTERDAM",122,"","info@icon-amsterdam.com","",0,"meta currency EUR (-15)",22,"singular ratio 1.00 >= 0.6 (+22)",21,"done","2026-06-14T13:06:12.204Z","","","https://www.facebook.com/iconamsterdam.official","","https://icon-amsterdam-italy.com/","https://icon-amsterdam-italy.com/pages/contattaci/","ICON. AMSTERDAM has a great focused product range that feels very intentional.","plus.html"
"playbk.com","playbk.com","https://www.instagram.com/playbk.pickleball/",1,"Black Knight",58,"","info@playbk.com","https://playbk.com/pages/about-us",0,"page USD only (+10)",0,"singular ratio 0.07 too low (+0)",17,"done","2026-06-14T13:08:28.150Z","+15196531232","","","","https://playbk.com/","https://playbk.com/pages/contact","Black Knight has a great focused product range that feels very intentional.","plus.html"
"topodesigns.ca","topodesigns.ca","https://www.instagram.com/topodesigns/",1,"Topo Designs Canada",135,"","cs@topodesigns.ca","https://topodesigns.ca/pages/about-us",0,"page USD only (+10)",0,"singular ratio 0.05 too low (+0); maker words ×1 (+5); co-founder mentioned (-12)",14,"done","2026-06-14T13:06:37.724Z","+15001323967","","https://www.facebook.com/TopoDesigns/","","https://topodesigns.ca/","","Topo Designs Canada has a great focused product range that feels very intentional.","plus.html"
"grillkingbbqs.com","grillkingbbqs.com","https://www.instagram.com/grillkingbbqsau/",1,"Grill King Outdoor BBQ Kitchens",250,"","hello@grillkingbbqs.com","",0,"page USD only (+10)",0,"singular ratio 0.07 too low (+0)",14,"done","2026-06-14T13:06:50.675Z","","","https://www.facebook.com/GrillKingBBQsAustralia","","https://www.grillkingbbqs.com/","https://www.grillkingbbqs.com/pages/contact","Grill King Outdoor BBQ Kitchens has a great focused product range that feels very intentional.","plus.html"
"covermywheel.com","covermywheel.com","https://instagram.com/covermywheel",1,"Cover My Wheel",250,"Alex","support@covermywheel.com","https://www.covermywheel.com/pages/about-us",0,"meta currency GBP (-15)",10,"singular ratio 0.10 too low (+0); single founder named, no co-founder (+10)",9,"done","2026-06-14T13:07:12.471Z","","","https://www.facebook.com/people/Covermywheel/61570016162855/","https://www.tiktok.com/@covermywheel","https://www.covermywheel.com/","https://www.covermywheel.com/pages/contact","The founder story on your about page is genuinely refreshing — making each piece yourself is rare.","plus.html"
"lapattedulya.com","lapattedulya.com","https://www.instagram.com/lapatte_dulya/",1,"La patte d'Ulya",12,"","adresselapattedulya@gmail.com","",0,"meta currency EUR (-15)",0,"too few pronouns to score ratio",7,"done","2026-06-14T13:07:54.869Z","","","","","https://lapattedulya.com/","https://lapattedulya.com/pages/contact","La patte d'Ulya has a great focused product range that feels very intentional.","plus.html"
"draculaspectacular.com","draculaspectacular.com","http://instagram.com/dracspectac",1,"Dracula Spectacular",1,"","dracula.spectacular@gmail.com","https://www.draculaspectacular.com/pages/about",0,"meta currency GBP (-15)",0,"singular ratio 0.15 too low (+0)",7,"done","2026-06-14T13:08:10.632Z","","","https://www.facebook.com/DraculaSpectacular/","","https://www.draculaspectacular.com/","","Dracula Spectacular has a great focused product range that feels very intentional.","plus.html"

"ahensfashion.com","ahensfashion.com","https://instagram.com/ahens_fashion?igshid=YmMyMTA2M2Y=",1,"Ahens Fashion",235,"About","orders@ahensfashion.com","https://www.ahensfashion.com/pages/our-story",1,"page USD only (+10); US phone format (+8)",24,"singular ratio 0.22 too low (+0); maker words ×3 (+14); single founder named, no co-founder (+10)",62,"done","2026-06-14T13:09:04.983Z","+18448445909","https://www.linkedin.com/company/ahens-fashion/","https://www.facebook.com/ahensfashion","","https://www.ahensfashion.com/","https://www.ahensfashion.com/pages/contact","Your handcrafted approach to making products really stands out — that kind of care is rare to see.","india.html"
"jupra.in","jupra.in","https://www.instagram.com/jupra.in/",1,"Jupra",139,"",":contact@jupra.in","https://jupra.in/pages/about-us",1,"page USD only (+10); US address format (+10)",0,"singular ratio 0.08 too low (+0)",38,"done","2026-06-14T13:08:47.767Z","+17738185099","","https://www.facebook.com/profile.php?id=61556095473231","","https://jupra.in/","https://jupra.in/pages/contact","Love that you're a US-based small business — that personal touch really comes through on your site.","india.html"
"kikapets.com","kikapets.com","https://www.instagram.com/kika.pets/",1,"KIKA Pets",16,"you know","hi@kikapets.com","",0,"page USD only (+10)",10,"singular ratio 0.00 too low (+0); single founder named, no co-founder (+10)",32,"done","2026-06-14T13:08:45.963Z","+19315775050","","https://www.facebook.com/kikapetsco","","https://www.kikapets.com/","https://www.kikapets.com/pages/contact","The founder story on your about page is genuinely refreshing — making each piece yourself is rare.","india.html"
"solvethecase.in","solvethecase.in","https://www.instagram.com/solvethecase.in",1,"SolveTheCase",4,"Our","sujalagarwal1401@gmail.com","https://www.solvethecase.in/pages/about-us",0,"page USD only (+10)",10,"singular ratio 0.03 too low (+0); single founder named, no co-founder (+10)",32,"done","2026-06-14T13:09:05.056Z","","","","","https://www.solvethecase.in/","https://www.solvethecase.in/pages/contact","The founder story on your about page is genuinely refreshing — making each piece yourself is rare.","india.html"
"noons.in","noons.in","",1,"noons.in",2,"Meet The","noonsmobi@gmail.com","",0,"page USD only (+10)",10,"singular ratio 0.00 too low (+0); single founder named, no co-founder (+10)",32,"done","2026-06-14T13:09:18.794Z","+18511311383","","","","https://noons.in/","https://noons.in/pages/contact","The founder story on your about page is genuinely refreshing — making each piece yourself is rare.","india.html"
"kavie.co.in","kavie.co.in","",1,"KAVIÉ",14,"the","kavita.a.chandnani@gmail.com","https://kavie.co.in/pages/about-us",0,"page USD only (+10)",10,"singular ratio 0.00 too low (+0); single founder named, no co-founder (+10)",32,"done","2026-06-14T13:09:16.428Z","","","http://facebook.com/shopify","","https://kavie.co.in/","https://kavie.co.in/pages/contact","The founder story on your about page is genuinely refreshing — making each piece yourself is rare.","india.html"
"suncarbon.in","suncarbon.in","https://www.instagram.com/suncarbonofficial/",1,"SunCarbon",3,"TEO VENTURES","info@suncarbon.in","",0,"page USD only (+10)",10,"singular ratio 0.00 too low (+0); single founder named, no co-founder (+10)",32,"done","2026-06-14T13:09:21.305Z","+18077728466","https://www.linkedin.com/company/suncarbon/?viewAsMember=true","","","https://suncarbon.in/","https://suncarbon.in/pages/contact","The founder story on your about page is genuinely refreshing — making each piece yourself is rare.","india.html"
"vlftrends.in","vlftrends.in","",1,"VLFTRENDS",28,"","support@vlftrends.in","https://vlftrends.in/pages/about-us",0,"page USD only (+10)",5,"singular ratio 0.02 too low (+0); maker words ×1 (+5)",27,"done","2026-06-14T13:08:41.886Z","","","","","https://vlftrends.in/","https://vlftrends.in/pages/contact","VLFTRENDS has a great focused product range that feels very intentional.","india.html"
"ataraindia.com","ataraindia.com","https://www.instagram.com/ataraindia",1,"ATARA",44,"","hello@ataraindia.com","",0,"page USD only (+10)",10,"singular ratio 0.41 0.4–0.6 (+10)",27,"done","2026-06-14T13:09:35.220Z","","","","","https://ataraindia.com/","https://ataraindia.com/pages/contact","ATARA has a great focused product range that feels very intentional.","india.html"
"shopvelor.in","shopvelor.in","",1,"VELOR",7,"","velorcloathing@gmail.com","https://shopvelor.in/pages/about-us",0,"page USD only (+10)",5,"singular ratio 0.03 too low (+0); maker words ×1 (+5)",27,"done","2026-06-14T13:09:47.161Z","","","","","https://shopvelor.in/","https://shopvelor.in/pages/contact","VELOR has a great focused product range that feels very intentional.","india.html"
"curiocottage.in","curiocottage.in","https://www.instagram.com/curiocottagejewelry/?hl=en",1,"Curio Cottage",250,"Lal","support@curiocottage.inContact","https://www.curiocottage.in/pages/about-us",0,"page USD only (+10)",10,"singular ratio 0.04 too low (+0); single founder named, no co-founder (+10)",24,"done","2026-06-14T13:08:49.502Z","+18591737174","","https://www.facebook.com/CurioCottage/","","https://www.curiocottage.in/","https://www.curiocottage.in/pages/contact","The founder story on your about page is genuinely refreshing — making each piece yourself is rare.","india.html"
"ashiyanastore.com","ashiyanastore.com","https://www.instagram.com/ashiyanastore?igsh=MzNlNGNkZWQ4Mg==",1,"ASHIYANA STORE",250,"the","support@ashiyanastore.com","https://ashiyanastore.com/pages/about-us",0,"page USD only (+10)",10,"singular ratio 0.01 too low (+0); single founder named, no co-founder (+10)",24,"done","2026-06-14T13:09:12.209Z","+18069378155","","https://www.facebook.com/Ashiyanastore?mibextid=ZbWKwL","","https://ashiyanastore.com/","https://ashiyanastore.com/pages/contact","The founder story on your about page is genuinely refreshing — making each piece yourself is rare.","india.html"
"pinai.in","pinai.in","",1,"Pinai",26,"","pinaijpr@gmail.com","https://pinai.in/pages/about-us",0,"page USD only (+10)",2,"singular ratio 0.00 too low (+0); maker words ×4 (+14); co-founder mentioned (-12)",24,"done","2026-06-14T13:09:43.207Z","","","","","https://pinai.in/","https://pinai.in/pages/contact","Your handmade approach to making products really stands out — that kind of care is rare to see.","india.html"
"skinspired.in","skinspired.in","https://www.instagram.com/skinspired.in/",1,"Skinspired.in",23,"","inf@skinspired.in","https://www.skinspired.in/pages/about-us",0,"page USD only (+10)",0,"singular ratio 0.13 too low (+0)",22,"done","2026-06-14T13:08:36.865Z","+18655453908","","","","https://www.skinspired.in/","https://www.skinspired.in/pages/contact","Skinspired.in has a great focused product range that feels very intentional.","india.html"
"anab.co.in","anab.co.in","https://www.instagram.com/anab_by_khulud?igsh=MWd0anprYjgzMHlhbg==",1,"Anab",24,"","info@anab.co","https://anab.co.in/pages/about",0,"page USD only (+10)",0,"singular ratio 0.00 too low (+0)",22,"done","2026-06-14T13:08:52.579Z","","","","","https://anab.co.in/","https://anab.co.in/pages/contact","Anab has a great focused product range that feels very intentional.","india.html"
"kraves.in","kraves.in","https://www.instagram.com/kraveshair/",1,"kraveshair",4,"","support@kraves.in","https://www.kraves.in/pages/about-us",0,"page USD only (+10)",0,"singular ratio 0.12 too low (+0)",22,"done","2026-06-14T13:09:21.771Z","","","https://www.facebook.com/pg/kraveshair-100235321549914/posts/?ref=page_internal","","https://www.kraves.in/","","kraveshair has a great focused product range that feels very intentional.","india.html"
"tiraz.co.in","tiraz.co.in","",1,"Tiraz",5,"","tirazoffice@gmail.com","",0,"page USD only (+10)",0,"singular ratio 0.00 too low (+0)",22,"done","2026-06-14T13:09:25.162Z","","","","","https://tiraz.co.in/","https://tiraz.co.in/pages/contact","Tiraz has a great focused product range that feels very intentional.","india.html"
"mangomania.in","mangomania.in","",1,"MangoMania",4,"","mangomaniashopify@gmail.com","https://mangomania.in/pages/about-us",0,"page USD only (+10)",0,"singular ratio 0.00 too low (+0)",22,"done","2026-06-14T13:09:32.927Z","","","","","https://mangomania.in/","https://mangomania.in/pages/contact","MangoMania has a great focused product range that feels very intentional.","india.html"
"mytofflane.com","mytofflane.com","https://www.instagram.com/toff.lane/",1,"TOFFLANE",7,"","hellotofflane@gmail.com","https://mytofflane.com/pages/about-us",0,"page USD only (+10)",0,"singular ratio 0.00 too low (+0)",22,"done","2026-06-14T13:09:40.076Z","","","","","https://mytofflane.com/","https://mytofflane.com/pages/contact","TOFFLANE has a great focused product range that feels very intentional.","india.html"
"vellaluxe.in","vellaluxe.in","",1,"VELLA LUXE",1,"","info@vellaluxe.in","https://vellaluxe.in/pages/about-us",0,"page USD only (+10)",0,"singular ratio 0.00 too low (+0)",22,"done","2026-06-14T13:09:40.647Z","+19588746262","","","","https://vellaluxe.in/","https://vellaluxe.in/pages/contact","VELLA LUXE has a great focused product range that feels very intentional.","india.html"
"brezzaclub.com","brezzaclub.com","https://www.instagram.com/brezzaclubindia?igsh=MXh0dnhzdnY2ODg1bw%3D%3D&utm_source=qr",1,"BrezzaClub",13,"","brezzafashionin@gmail.com","https://brezzaclub.com/pages/about-us",0,"page USD only (+10)",0,"singular ratio 0.07 too low (+0)",22,"done","2026-06-14T13:09:56.269Z","+18460663710","","","","https://brezzaclub.com/","","BrezzaClub has a great focused product range that feels very intentional.","india.html"
"ornam.in","ornam.in","",1,"Ornam.in",4,"","hello@ornam.in","",0,"page USD only (+10)",0,"singular ratio 0.00 too low (+0)",22,"done","2026-06-14T13:09:57.129Z","","","","","https://ornam.in/","https://ornam.in/pages/contact","Ornam.in has a great focused product range that feels very intentional.","india.html"
"gemsupchar.in","gemsupchar.in","",1,"My Store",12,"","gemsupchar@gmail.com","https://www.gemsupchar.in/pages/about-us",0,"page USD only (+10)",0,"singular ratio 0.01 too low (+0)",22,"done","2026-06-14T13:10:01.704Z","+18010135359","","","","https://www.gemsupchar.in/","https://www.gemsupchar.in/pages/contact","My Store has a great focused product range that feels very intentional.","india.html"
"srmarket24.in","srmarket24.in","",1,"SR Market",1,"","admin.srmarket@gmail.com","",0,"page USD only (+10)",0,"singular ratio 0.05 too low (+0)",22,"done","2026-06-14T13:10:03.499Z","","","","","https://srmarket24.in/","https://srmarket24.in/pages/contact","SR Market has a great focused product range that feels very intentional.","india.html"
"anorluxury.com","anorluxury.com","https://www.instagram.com/anorluxury/",1,"ANOR",101,"","clientcare@anorluxury.com","https://anorluxury.com/pages/about",0,"page USD only (+10)",5,"singular ratio 0.00 too low (+0); maker words ×1 (+5)",19,"done","2026-06-14T13:08:55.203Z","","","https://www.facebook.com/AnorLuxury/","","https://anorluxury.com/","https://anorluxury.com/pages/contact-information","Your handmade approach to making products really stands out — that kind of care is rare to see.","india.html"
"shoptrendys.in","shoptrendys.in","",1,"Nimé By Shop Trendys",250,"","akantaditi@gmail.com","https://nime.shoptrendys.in/pages/about-us",0,"page USD only (+10)",5,"singular ratio 0.03 too low (+0); maker words ×1 (+5)",19,"done","2026-06-14T13:09:01.617Z","","","","","https://nime.shoptrendys.in/","https://nime.shoptrendys.in/pages/contact","Nimé By Shop Trendys has a great focused product range that feels very intentional.","india.html"
"ecofynd.com","ecofynd.com","https://www.instagram.com/ecofynd/",1,"Ecofynd",250,"","ecofynd@gmail.com","https://www.ecofynd.com/pages/about-us",0,"page USD only (+10)",5,"singular ratio 0.01 too low (+0); maker words ×1 (+5)",19,"done","2026-06-14T13:09:49.767Z","","https://www.linkedin.com/company/ecofynd/","https://www.facebook.com/ecofynd/","","https://www.ecofynd.com/","","Your handcrafted approach to making products really stands out — that kind of care is rare to see.","india.html"
"satvafarm.com","satvafarm.com","",1,"Satva Farm",153,"","contact@satvafarm.com","https://satvafarm.com/pages/our-story",0,"page USD only (+10)",5,"singular ratio 0.05 too low (+0); maker words ×1 (+5)",19,"done","2026-06-14T13:10:03.130Z","+18123325991","","","","https://satvafarm.com/","https://satvafarm.com/pages/contact","Satva Farm has a great focused product range that feels very intentional.","india.html"
"nayab.art","nayab.art","https://www.instagram.com/nayab.jewelry/",1,"Nayab - Macobs Technologies Limited",66,"","care@nayab.art","https://nayab.art/pages/about",0,"page USD only (+10)",0,"singular ratio 0.16 too low (+0)",17,"done","2026-06-14T13:08:55.912Z","+17374986672","","https://www.facebook.com/people/NayabArt/100069743752343/","","https://nayab.art/","https://nayab.art/pages/contact","Nayab - Macobs Technologies Limited has a great focused product range that feels very intentional.","india.html"
"lumieresworld.com","lumieresworld.com","https://www.instagram.com/lumieresworld/",1,"Lumières",33,"","contact@lumieresworld.com","https://www.lumieresworld.com/pages/about-us",0,"page USD only (+10)",0,"singular ratio 0.00 too low (+0)",17,"done","2026-06-14T13:09:14.319Z","+19315527635","","https://www.facebook.com/lumieresworld/","","https://www.lumieresworld.com/","https://www.lumieresworld.com/pages/contact","Lumières has a great focused product range that feels very intentional.","india.html"
"indianvirasat.com","indianvirasat.com","https://www.instagram.com/indianvirasat/",1,"Indianvirasat",88,"","orders@indianvirasat.com","https://indianvirasat.com/pages/about",0,"page USD only (+10)",0,"singular ratio 0.00 too low (+0)",17,"done","2026-06-14T13:09:42.074Z","","","https://www.facebook.com/indianvirasat/","","https://indianvirasat.com/","","Indianvirasat has a great focused product range that feels very intentional.","india.html"
"taabaa.in","taabaa.in","https://www.instagram.com/taabaa.house.of.craft/",1,"Taabaa",46,"","support@taabaa.in","https://taabaa.in/pages/about-us",0,"page USD only (+10)",0,"singular ratio 0.02 too low (+0); maker words ×1 (+5); co-founder mentioned (-12)",17,"done","2026-06-14T13:09:54.630Z","","","","","https://taabaa.in/","https://taabaa.in/pages/contact","Your handmade approach to making products really stands out — that kind of care is rare to see.","india.html"
"artwork55.co.in","artwork55.co.in","https://instagram.com/",1,"artwork",7,"","4593hello@domain.com","",0,"page EUR (-10); US address format (+10)",0,"singular ratio 0.06 too low (+0)",16,"done","2026-06-14T13:09:28.622Z","","","https://facebook.com/","","https://artwork55.co.in/","https://artwork55.co.in/pages/contact","Love that you're a US-based small business — that personal touch really comes through on your site.","india.html"
"educators-resource.in","educators-resource.in","instagram.com/nageeninternational",1,"Artham Resources",250,"","vishal.meerut@gmail.com","https://educators-resource.in/pages/about-us",0,"page USD only (+10)",0,"singular ratio 0.00 too low (+0)",14,"done","2026-06-14T13:08:48.527Z","","","facebook.com/nageeninternational","","https://educators-resource.in/","https://educators-resource.in/pages/contact","Artham Resources has a great focused product range that feels very intentional.","india.html"
"sweetmoon.in","sweetmoon.in","https://www.instagram.com/sweetmoon.india/",1,"Sweet Moon",250,"","info@sweetmoon.in","https://www.sweetmoon.in/pages/about-us",0,"page USD only (+10)",0,"singular ratio 0.16 too low (+0)",14,"done","2026-06-14T13:08:57.286Z","+19974662669","","https://www.facebook.com/profile.php?id=61566401254026","","https://www.sweetmoon.in/","","Sweet Moon has a great focused product range that feels very intentional.","india.html"
"postcardstore.in","postcardstore.in","instagram.com/postcard.in",1,"Postcard",203,"","reachus@themadrastrunk.com","",0,"page USD only (+10)",0,"singular ratio 0.00 too low (+0)",14,"done","2026-06-14T13:09:03.490Z","+17397320064","","","","https://postcardstore.in/","https://postcardstore.in/pages/contact","Postcard has a great focused product range that feels very intentional.","india.html"
"indianwalker.in","indianwalker.in","https://www.instagram.com/indianwalkerofficial/",1,"Indian Walker",12,"","","",0,"page USD only (+10)",0,"singular ratio 0.09 too low (+0)",14,"done","2026-06-14T13:09:09.559Z","","","https://www.facebook.com/profile.php?id=61566867694184","","https://indianwalker.in/","","Indian Walker has a great focused product range that feels very intentional.","india.html"
"thedandelionwish.in","thedandelionwish.in","https://www.instagram.com/thedandelionwish.in/",1,"The Dandelion Wish Gifting",107,"","hello@thedandelionwish.in","https://thedandelionwish.in/pages/about-us",0,"page USD only (+10)",0,"singular ratio 0.17 too low (+0)",14,"done","2026-06-14T13:09:27.910Z","+18341392476","","https://www.facebook.com/profile.php?id=61564614961959","","https://thedandelionwish.in/","https://thedandelionwish.in/pages/contact","The Dandelion Wish Gifting has a great focused product range that feels very intentional.","india.html"
"fairleaf.in","fairleaf.in","https://www.instagram.com/shopify/#",1,"Fairleaf.in",229,"","fairleafoffice@gmail.com","",0,"page USD only (+10)",0,"singular ratio 0.00 too low (+0)",14,"done","2026-06-14T13:09:33.310Z","","","https://www.facebook.com/shopify","https://www.tiktok.com/@shopify","https://fairleaf.in/","https://fairleaf.in/pages/contact","Fairleaf.in has a great focused product range that feels very intentional.","india.html"
"minsasports.in","minsasports.in","",1,"Minsa Sports Online Store",250,"","msportstpt@gmail.com","https://minsasports.in/pages/about-us",0,"page USD only (+10)",0,"singular ratio 0.00 too low (+0)",14,"done","2026-06-14T13:09:34.133Z","+18555961970","","","","https://minsasports.in/","https://minsasports.in/pages/contact","Minsa Sports Online Store has a great focused product range that feels very intentional.","india.html"
"dpassion.in","dpassion.in","https://www.instagram.com/dpassion_official/",1,"Dpassion",250,"","support@dpassion.com","https://dpassion.com/pages/our-story",0,"page USD only (+10)",0,"singular ratio 0.17 too low (+0)",14,"done","2026-06-14T13:09:52.649Z","","","https://www.facebook.com/DPASSIONN","","https://dpassion.com/","https://dpassion.com/pages/contact","Dpassion has a great focused product range that feels very intentional.","india.html"
"rajasijindal.in","rajasijindal.in","https://instagram.com/rajasijindal",1,"Rajasi Jindal",250,"the FounderOur","rajasi.jindal@gmail.com","https://rajasijindal.com/pages/about-the-brand",0,"page GBP (-10)",10,"singular ratio 0.02 too low (+0); single founder named, no co-founder (+10)",12,"done","2026-06-14T13:09:26.192Z","","","","","https://rajasijindal.com/","","The founder story on your about page is genuinely refreshing — making each piece yourself is rare.","india.html"
"vajrpickleball.com","vajrpickleball.com","https://www.instagram.com/vajrpickleballsports/",1,"VAJR Pickleball Sports ",28,"","info@vajrpickleball.com","https://vajrpickleball.com/pages/about-us",0,"page GBP (-10)",0,"singular ratio 0.25 too low (+0)",10,"done","2026-06-14T13:08:37.915Z","+19016236061","","","","https://vajrpickleball.com/","https://vajrpickleball.com/pages/contact","VAJR Pickleball Sports  has a great focused product range that feels very intentional.","india.html"
"pettikadai.in","pettikadai.in","https://www.instagram.com/pettikadaionline/",1,"pettikadai.in",111,"","support@pettikadai.in","https://pettikadai.in/pages/about-us-traditional-sweets-online",0,"page EUR (-10)",5,"singular ratio 0.26 too low (+0); maker words ×1 (+5)",7,"done","2026-06-14T13:09:50.013Z","+13999001248","","https://www.facebook.com/Pettikadaionline/","","https://pettikadai.in/","","pettikadai.in has a great focused product range that feels very intentional.","india.html"
"suvaa.in","suvaa.in","https://www.instagram.com/wearsuvaa/",1,"Suvaa",35,"","hello@suvaa.in","https://suvaa.in/pages/about-us",0,"page GBP (-10)",0,"singular ratio 0.01 too low (+0)",5,"done","2026-06-14T13:09:08.434Z","","https://www.linkedin.com/company/wearsuvaa","","","https://suvaa.in/","https://suvaa.in/pages/contact","Suvaa has a great focused product range that feels very intentional.","india.html"
"quikhenna.com","quikhenna.com","https://www.instagram.com/quikhenna/",1,"QUIKHENNA",104,"","products@quikhenna.com","https://www.quikhenna.com/pages/about-us",0,"page GBP (-10)",0,"singular ratio 0.05 too low (+0)",2,"done","2026-06-14T13:10:05.567Z","+19459458282","","https://www.facebook.com/quikhenna","","https://www.quikhenna.com/","https://www.quikhenna.com/pages/contact","QUIKHENNA has a great focused product range that feels very intentional.","india.html"

"stangazhandmade.com","stangazhandmade.com","https://www.instagram.com/stangazhandmade/?hl=en",1,"STAN GAZ HANDMADE",104,"","stangazhandmade@gmail.com","https://stangazhandmade.com/pages/about",1,"meta currency USD (+20)",32,"singular ratio 0.60 >= 0.6 (+22); maker words ×2 (+10)",70,"done","2026-06-11T19:29:26.156Z","","","https://www.facebook.com/stangazhandmade/","https://www.tiktok.com/@stangazhandmadehats","https://stangazhandmade.com/","https://stangazhandmade.com/pages/contact","Your handmade approach to making products really stands out — that kind of care is rare to see.",""
"thendwildflower.com","thendwildflower.com","https://www.instagram.com/junkinwildflower?igsh=YmpicmEzeGI2ZjE5",1,"WildflowersND",1,"","wildflowersnd@gmail.com","",1,"meta currency USD (+20)",10,"singular ratio 0.05 too low (+0); maker words ×2 (+10)",56,"done","2026-06-11T19:29:25.923Z","","","https://www.facebook.com/junkinwildflower","","https://thendwildflower.com/","https://thendwildflower.com/pages/contact","WildflowersND has a great focused product range that feels very intentional.",""
"thecraftedmakerie.com","thecraftedmakerie.com","https://www.instagram.com/thecraftedmakerie",1,"The Crafted Makerie",197,"The Crafted","hello@thecraftedmakerie.com.....Privacy","",1,"meta currency USD (+20)",15,"singular ratio 0.29 too low (+0); maker words ×1 (+5); single founder named, no co-founder (+10)",53,"done","2026-06-11T19:41:12.293Z","+18332636865","","https://www.facebook.com/thecraftedmakerie","","https://thecraftedmakerie.com/","https://thecraftedmakerie.com/pages/contact","The founder story on your about page is genuinely refreshing — making each piece yourself is rare.",""
"thefloramodiste.com","thefloramodiste.com","https://www.instagram.com/thefloramodiste/",1,"The Flora Modiste",6,"","","",1,"meta currency USD (+20)",15,"singular ratio 0.55 0.4–0.6 (+10); maker words ×1 (+5)",53,"done","2026-06-11T19:41:14.239Z","","","https://www.facebook.com/thefloramodiste","","https://thefloramodiste.com/","https://thefloramodiste.com/pages/contact","The Flora Modiste has a great focused product range that feels very intentional.",""
"urbansouthern.com","urbansouthern.com","https://www.instagram.com/urbansouthern/",1,"Urban Southern",78,"contact email","info@urbansouthern.com","https://urbansouthern.com/pages/about-us",1,"meta currency USD (+20); US address format (+10); US phone format (+8)",10,"singular ratio 0.06 too low (+0); maker words ×2 (+10); single founder named, no co-founder (+10); team page found (-10)",51,"done","2026-06-11T19:41:16.055Z","","","https://www.facebook.com/urbansouthern","","https://urbansouthern.com/","https://urbansouthern.com/pages/contact-us","Your handmade approach to making products really stands out — that kind of care is rare to see.",""
"openstudiosewing.com","openstudiosewing.com","https://www.instagram.com/open.studio.sewing/",1,"Open Studio Sewing",250,"of Open","hi@openstudiosewing.com","",1,"meta currency USD (+20)",10,"singular ratio 0.04 too low (+0); single founder named, no co-founder (+10)",48,"done","2026-06-11T19:29:22.013Z","","","https://www.facebook.com/profile.php?id=100095587775418","","https://openstudiosewing.com/","https://openstudiosewing.com/pages/about","The founder story on your about page is genuinely refreshing — making each piece yourself is rare.",""
"williska.com","williska.com","https://www.instagram.com/williska.usa/",1,"WillisKa USA",65,"","williska.usa@gmail.com","",1,"meta currency USD (+20)",5,"singular ratio 0.27 too low (+0); maker words ×1 (+5)",46,"done","2026-06-11T19:29:21.331Z","","","https://www.facebook.com/williska.usa/","","https://williska.com/","","WillisKa USA has a great focused product range that feels very intentional.",""
"kristacoons.com","kristacoons.com","https://www.instagram.com/hername_ismud",1,"Krista Coons Studio",250,"of Krista","","",1,"meta currency USD (+20)",15,"singular ratio 0.19 too low (+0); maker words ×1 (+5); single founder named, no co-founder (+10)",45,"done","2026-06-11T19:41:07.727Z","","","https://www.facebook.com/settings/?tab=ads","","https://www.kristacoons.com/","https://www.kristacoons.com/pages/contact","The founder story on your about page is genuinely refreshing — making each piece yourself is rare.",""
"huntermoonhomestead.com","huntermoonhomestead.com","https://www.instagram.com/huntermoon.homestead/",1,"Hunter Moon Homestead",150,"","hello@huntermoonhomestead.com","https://huntermoonhomestead.com/pages/about",1,"meta currency USD (+20)",5,"singular ratio 0.17 too low (+0); maker words ×1 (+5)",43,"done","2026-06-11T19:41:05.182Z","","","https://www.facebook.com/huntermoonhomestead","","https://huntermoonhomestead.com/","https://huntermoonhomestead.com/pages/contact","Your handmade approach to making products really stands out — that kind of care is rare to see.",""
"alexandrefamilyfarm.com","alexandrefamilyfarm.com","https://www.instagram.com/alexandrefamilyfarm/",1,"Alexandre Family Farm, LLC",47,"","farmlife@alexandrefamilyfarm.com","https://alexandrefamilyfarm.com/pages/our-story",1,"meta currency USD (+20)",0,"singular ratio 0.08 too low (+0)",41,"done","2026-06-11T19:41:11.927Z","","https://www.linkedin.com/company/alexandre-family-farm","https://www.facebook.com/alexandrefamilyfarm/","","https://alexandrefamilyfarm.com/","https://alexandrefamilyfarm.com/pages/contact","Alexandre Family Farm, LLC has a great focused product range that feels very intentional.",""
"regaliahandmadeclothing.com","regaliahandmadeclothing.com","https://www.instagram.com/regalia_handmade_clothing/",1,"Regalia Handmade Clothing",70,"","","",1,"meta currency USD (+20); US phone format (+8)",5,"singular ratio 0.22 too low (+0); maker words ×1 (+5)",38,"done","2026-06-11T19:29:21.020Z","+14792532202","","http://www.facebook.com/regaliahandmade","","https://regaliahandmadeclothing.com/","","Regalia Handmade Clothing has a great focused product range that feels very intentional.",""
"rainvas.com","rainvas.com","https://www.instagram.com/rainvasgifts/?hl=en",1,"Rainvas",135,"the sole","info.rainvas@gmail.com","https://rainvas.com/pages/about-us-rainvas",0,"page USD only (+10)",24,"singular ratio 0.10 too low (+0); maker words ×5 (+14); single founder named, no co-founder (+10)",38,"done","2026-06-11T19:41:05.873Z","+19219088274","","https://www.facebook.com/profile.php?id=100083317606115","","https://rainvas.com/","https://rainvas.com/pages/contact-rainvas","Rainvas has a great focused product range that feels very intentional.",""
"penelopehandmade.com","penelopehandmade.com","https://www.instagram.com/penelopehandmade/",1,"Penelope Handmade Shop",185,"","","",1,"meta currency USD (+20)",5,"too few pronouns to score ratio; maker words ×1 (+5)",35,"done","2026-06-11T19:33:17.776Z","","","","","https://www.penelopehandmade.com/","https://www.penelopehandmade.com/pages/contact","Your handmade approach to making products really stands out — that kind of care is rare to see.",""
"tasveerfashion.com","tasveerfashion.com","https://www.instagram.com/tasveer_fashion?igsh=dmtrOXlzNHFsOGl6",1,"Tasveer Fashion",45,"","tasveerbusinessinfo@gmail.com","https://tasveerfashion.com/pages/about-us",0,"page USD only (+10)",10,"singular ratio 0.00 too low (+0); maker words ×2 (+10)",27,"done","2026-06-12T14:25:58.203Z","","","https://www.facebook.com/share/1AoZrw9P4P/","","https://tasveerfashion.com/","","Tasveer Fashion has a great focused product range that feels very intentional.",""
"maaesaclothing.com","maaesaclothing.com","https://www.instagram.com/maaesaclothing/?hl=en",1,"Maaesa Clothing",250,"","akash@maaesaclothing.com","https://www.maaesaclothing.com/pages/about",0,"page USD only (+10)",10,"singular ratio 0.38 too low (+0); maker words ×2 (+10)",24,"done","2026-06-11T19:31:51.145Z","+16350033577","","https://www.facebook.com/Maaesaclothing/","","https://www.maaesaclothing.com/","https://www.maaesaclothing.com/pages/contact","Your handcrafted approach to making products really stands out — that kind of care is rare to see.",""
"aurorasdestination.com","aurorasdestination.com","https://www.instagram.com/aurorasdestination/",1,"Auroras Destination",100,"","aurorasdestination@gmail.com","",0,"meta currency GBP (-15)",14,"singular ratio 0.12 too low (+0); maker words ×3 (+14)",16,"done","2026-06-11T19:29:42.518Z","","","https://www.facebook.com/AurorasDestination/","https://www.tiktok.com/@aurorasdestination","https://aurorasdestination.com/","https://aurorasdestination.com/pages/contact","Auroras Destination has a great focused product range that feels very intentional.",""
"larimeloom.com","larimeloom.com","https://www.instagram.com/larimeloom_clothing/",1,"Larimeloom",68,"","lucia.squillari@gmail.com","",0,"meta currency EUR (-15)",14,"singular ratio 0.24 too low (+0); maker words ×4 (+14)",16,"done","2026-06-11T19:41:08.940Z","","","https://www.facebook.com/Larimeloom/","","https://larimeloom.com/","","Larimeloom has a great focused product range that feels very intentional.",""
"petevesela.com","petevesela.com","",1,"PETEVESELA",76,"","","",0,"no US signals",0,"too few pronouns to score ratio",3,"done","2026-06-11T19:34:14.281Z","","","","","","","PETEVESELA has a great focused product range that feels very intentional.",""
"sundayandsea.com","sundayandsea.com","","","","","","","","","","","","","not_shopify","2026-06-11T18:58:42.445Z","","","","","","","",""
"cwtsh-cloth.myshopify.com","cwtsh-cloth.myshopify.com","","","","","","","","","","","","","not_shopify","2026-06-11T18:58:43.099Z","","","","","","","",""
"bylivhandmade.com","bylivhandmade.com","","","","","","","","","","","","","not_shopify","2026-06-11T18:58:42.450Z","","","","","","","",""
"thefreckledface.com","thefreckledface.com","","","","","","","","","","","","","not_shopify","2026-06-11T18:58:42.451Z","","","","","","","",""
"clothesandroads.com","clothesandroads.com","","","","","","","","","","","","","not_shopify","2026-06-11T18:58:56.783Z","","","","","","","",""
"swayedstature.com","swayedstature.com","","","","","","","","","","","","","not_shopify","2026-06-11T18:58:57.394Z","","","","","","","",""
"rachele-handmade-kidswear.myshopify.com","rachele-handmade-kidswear.myshopify.com","","","","","","","","","","","","","not_shopify","2026-06-11T18:58:59.377Z","","","","","","","",""
"rompandroamclothing.com","rompandroamclothing.com","","","","","","","","","","","","","not_shopify","2026-06-11T18:59:11.115Z","","","","","","","",""
"dhuratadavies.com","dhuratadavies.com","","","","","","","","","","","","","not_shopify","2026-06-11T18:59:16.214Z","","","","","","","",""
"wintergreennorthernwear.com","wintergreennorthernwear.com","","","","","","","","","","","","","not_shopify","2026-06-11T18:59:29.004Z","","","","","","","",""